commit_hash,timestamp,message,lines_of_code
7e9eb82094c2502bb809a72a9155da804e6743ff,2026-01-17 17:09:38 -0500,Tests or almost all passing. Time to start cooking,294
9f607a787d215765ae791c6d2473e0488c97f40f,2026-01-17 17:12:57 -0500,Use gpt-5.2-codex specifically,294
5ccf85d290d6b5f6eca9247c64f4a4bb78887a0f,2026-01-17 17:14:32 -0500,Add uv for build_gongdb.py,294
0f6040e3d9d7aef277fc865aa9b4166aff719560,2026-01-17 17:32:13 -0500,Work on bead: gongdb-bdb - Phase 1: Core Infrastructure - AST Representation,606
cfc294497c0c8d329f629e01ec0439b4af4b8ef5,2026-01-17 17:39:14 -0500,Work on bead: gongdb-bzl - Phase 1: Core Infrastructure - SQL Parser,2158
e761a42517fcd525cf153c808e742afd09372fbe,2026-01-17 17:43:53 -0500,Improve logging,2158
a6be1bc81c2ac650de12178e7f5bc9394af2d75f,2026-01-17 17:50:26 -0500,Work on bead: gongdb-bzl - Phase 1: Core Infrastructure - SQL Parser [COMPLETED],2158
20dfe679209d2409219982b2adad048d5af3987a,2026-01-17 18:03:18 -0500,Work on bead: gongdb-bzd - Phase 2: Storage Engine - Page-Based Storage [COMPLETED],3245
b3ca0290bfe1709f076cf3cba5bd38e4c313a617,2026-01-17 18:15:13 -0500,Work on bead: gongdb-c2j - Phase 2: Storage Engine - Table Schema Management [COMPLETED],4089
5dd4e2fd2f44f83b38d3a3bd6c47d0c61fac4b25,2026-01-17 18:20:05 -0500,Work on bead: gongdb-uo2 - Phase 2: Storage Engine - Row Storage and Serialization [COMPLETED],4089
ad54e0d83d4ae102ef73b89df94834bdde168e7b,2026-01-17 18:30:01 -0500,Work on bead: gongdb-eh8 - Phase 3: Type System - Data Type Support [COMPLETED],4520
1b0f0c644386bc40a6f0a0f0a6703028013e817d,2026-01-17 18:33:52 -0500,Work on bead: gongdb-t8s - Phase 3: Type System - Value Representation [COMPLETED],4520
d4913b54c3f676137df9bfc0b9b3bd630ffd2f31,2026-01-17 18:38:41 -0500,Work on bead: gongdb-eah - Phase 4: DDL Implementation - CREATE/DROP INDEX [IN PROGRESS],4775
5926e280ab883d84e40bad749516c28b135114a2,2026-01-17 18:50:36 -0500,Work on bead: gongdb-eah - Phase 4: DDL Implementation - CREATE/DROP INDEX [COMPLETED],5021
0c6edca7f8e2c8c4c26d39a0f3fc14c929c2e30b,2026-01-17 18:56:21 -0500,Work on bead: gongdb-mza - Phase 4: DDL Implementation - DROP TABLE [COMPLETED],5129
b526042898c4dd3ec2fd2c6c8fba841c2ecbb36f,2026-01-17 19:05:11 -0500,Work on bead: gongdb-s88 - Phase 4: DDL Implementation - CREATE TABLE [COMPLETED],5327
fba80e68445acc42c60e6520c8677fbeeac354dc,2026-01-17 19:19:06 -0500,Work on bead: gongdb-xkj - Phase 4: DDL Implementation - CREATE/DROP VIEW [COMPLETED],5926
0d7eae71ee75e3ef9702eee3d9efaab04c7944ff,2026-01-17 19:27:23 -0500,Work on bead: gongdb-9yx - Phase 5: Expression Evaluation - CASE Expressions [IN PROGRESS],5954
7d7c511b25092478378646799a0d53860e74e0fa,2026-01-17 19:41:30 -0500,Work on bead: gongdb-9yx - Phase 5: Expression Evaluation - CASE Expressions [COMPLETED],5981
df10ac48f9f0fd42d83e9a6eba33059a89be5cb1,2026-01-17 19:46:02 -0500,Work on bead: gongdb-dvp - Phase 5: Expression Evaluation - Arithmetic and Logical Operators [COMPLETED],6021
36b4bf2ebd737114ac2060f9e20b04a22530fcfc,2026-01-17 19:56:40 -0500,Work on bead: gongdb-e4q - Phase 5: Expression Evaluation - BETWEEN and EXISTS [COMPLETED],6179
2808f73d1fcb8b0e895ac61ce6ce6c0fdc993ec6,2026-01-17 21:02:28 -0500,Work on bead: gongdb-r31 - Phase 5: Expression Evaluation - IN and NOT IN [IN PROGRESS],6356
6e340e993a28066d0be53b42dc52a42946721328,2026-01-17 21:12:22 -0500,Work on bead: gongdb-r31 - Phase 5: Expression Evaluation - IN and NOT IN [COMPLETED],6375
778f9915074f73d4daac7a66ab39a1b2ee08d22c,2026-01-17 21:32:57 -0500,Work on bead: gongdb-xu5 - Phase 5: Expression Evaluation - Built-in Functions [COMPLETED],6810
69c67ba0d4aaa9394846304af43b79b2936d1e5b,2026-01-17 22:03:56 -0500,Work on bead: gongdb-8b3 - Phase 6: DML Implementation - UPDATE [COMPLETED],6939
c7950562e676722d2d604483ac6ff455133057da,2026-01-17 22:10:40 -0500,Work on bead: gongdb-8ri - Phase 6: DML Implementation - INSERT [COMPLETED],7049
0636dada01f001c1a827acc3ef83bda99bbd37a6,2026-01-17 22:15:08 -0500,Work on bead: gongdb-c4w - Phase 6: DML Implementation - DELETE [COMPLETED],7049
19a1291b10cae4b10245646fb1c8f000766e42e9,2026-01-17 22:22:20 -0500,Work on bead: gongdb-eeu - Phase 6: DML Implementation - REPLACE [COMPLETED],7247
c0261226ae69d7aa4e98a54311302f05ade774ea,2026-01-17 22:29:44 -0500,Work on bead: gongdb-3f5 - Phase 7: Query Execution - Table Scan [COMPLETED],7374
29fb7fb40d3ea92abebabdf19ddc9a4ee6871395,2026-01-17 22:36:34 -0500,Work on bead: gongdb-6xg - Phase 7: Query Execution - WHERE Clause Filtering [IN PROGRESS],7398
2778b9cd7719d23394ea8ed4bf2eb2923efb92ca,2026-01-17 22:44:09 -0500,Update AGENTS.md to fix conflict with build_gongdb.py around how to wrap up work,7398
0327941330d199ce35b05860a39977ddae35580f,2026-01-17 23:01:25 -0500,Work on bead: gongdb-6xg - Phase 7: Query Execution - WHERE Clause Filtering [IN PROGRESS],7398
fef1b4ede4032be8810b69ba303a0fad2054ae92,2026-01-17 23:06:47 -0500,Continue on even if task is not completed,7398
eca30caf2cb64afaebc2be1bdf4d6736b575aa35,2026-01-17 23:36:48 -0500,Work on bead: gongdb-6xg - Phase 7: Query Execution - WHERE Clause Filtering [COMPLETED],7488
d25436a7e6c9d484bea7946ba99749f5de1cbc18,2026-01-17 23:41:24 -0500,Work on bead: gongdb-dgc - Phase 7: Query Execution - Column Selection and Projection [COMPLETED],7517
ddcef701bb65ad2dfb47f35c014bcb2105ecddfa,2026-01-17 23:54:44 -0500,Work on bead: gongdb-erb - Phase 7: Query Execution - ORDER BY [IN PROGRESS],7670
13f599cfa4f89d6ec39c0f332bfa75d5e746d406,2026-01-18 00:15:08 -0500,Work on bead: gongdb-erb - Phase 7: Query Execution - ORDER BY [COMPLETED],7691
48366f17aa54cbd4ae26d71e00b6adc00477f3b4,2026-01-18 00:18:36 -0500,Work on bead: gongdb-k2f - Phase 7: Query Execution - DISTINCT [COMPLETED],7732
05e6829ca1bb042141fc7de337acb6d53e3648fe,2026-01-18 00:40:06 -0500,Work on bead: gongdb-d1y - Phase 8: Aggregation - Aggregate Functions [COMPLETED],8262
7e5b1664b6af9af94fb357ea3a248ff358beb2e6,2026-01-18 00:49:41 -0500,Work on bead: gongdb-onx - Phase 8: Aggregation - GROUP BY [COMPLETED],8566
d6893ab3a5680b0e1f64dbdf245353e8e8cb4cd4,2026-01-18 01:05:30 -0500,Work on bead: gongdb-1kl - Phase 9: Joins - Inner Join [COMPLETED],9123
ef1dd990886fa0d78c19f4dc90a95114652943e8,2026-01-18 01:09:34 -0500,Work on bead: gongdb-2a7 - Phase 9: Joins - Multiple Table Joins [COMPLETED],9161
e552cb3ca8a5edc423bf397e285fdf6418384bc7,2026-01-18 01:14:47 -0500,Work on bead: gongdb-47m - Phase 9: Joins - LEFT/RIGHT/OUTER Joins [COMPLETED],9194
e7eabdef693728dc9d1be75438a0f383926105d6,2026-01-18 01:33:07 -0500,Work on bead: gongdb-5ms - Phase 10: Subqueries - Derived Tables and CTEs [COMPLETED],9506
fddcd3bf7f8980784f65b2499d06b0c9c774588a,2026-01-18 01:36:55 -0500,Work on bead: gongdb-7nl - Phase 10: Subqueries - EXISTS and IN Subqueries [COMPLETED],9506
fa752bd4fd263bfda58a49be263c79e7d69c7516,2026-01-18 01:39:56 -0500,Work on bead: gongdb-z6t - Phase 10: Subqueries - Scalar Subqueries [COMPLETED],9520
c14d21c596a485a356dab3c0b04a452499e64873,2026-01-18 02:06:44 -0500,Work on bead: gongdb-a74 - Phase 11: Indexing - B-Tree Index Structure [IN PROGRESS],10021
73d6d0c7dccb01c4521479cb1152ec70cffd7daa,2026-01-18 02:34:39 -0500,Work on bead: gongdb-a74 - Phase 11: Indexing - B-Tree Index Structure [COMPLETED],10270
00e4eee2a3ed67a48e936b408308e2005c1e8dbb,2026-01-18 02:54:58 -0500,Work on bead: gongdb-apv - Phase 11: Indexing - Index Scan and Lookup [COMPLETED],10754
226713f0a7b91695faa6aea41b012e2381efaa76,2026-01-18 03:00:51 -0500,Work on bead: gongdb-n8r - Phase 11: Indexing - Index Maintenance [COMPLETED],10871
8713a327a4ab0ca937b7fd2b1012c8d89b6c597a,2026-01-18 03:12:19 -0500,Work on bead: gongdb-5el - Phase 12: Query Planning - Cost-Based Optimization [COMPLETED],11196
e4e73065853354da7026ec86a0f8214fb122e517,2026-01-18 03:14:12 -0500,Work on bead: gongdb-5ic - Phase 12: Query Planning - Basic Query Planner [COMPLETED],11196
6037e125283efbe2d0919c11f7846e3264404741,2026-01-18 03:23:38 -0500,Work on bead: gongdb-2p0 - Phase 13: Transaction Management - Locking and Concurrency [COMPLETED],11605
c1cde196a9d6da58c0c078614a92c15277246761,2026-01-18 03:24:42 -0500,Work on bead: gongdb-2ur - Phase 13: Transaction Management - Transaction Support [IN PROGRESS],11605
278aee95935d94ed062c0890587f94b577a16b19,2026-01-18 03:27:12 -0500,Work on bead: gongdb-2ur - Phase 13: Transaction Management - Transaction Support [COMPLETED],11605
dccc7d2e47628b5e3a949a6fdeb55ea685e39b76,2026-01-18 03:35:15 -0500,Work on bead: gongdb-akc - Phase 13: Transaction Management - ACID Properties [COMPLETED],11764
18dd6da8600572908f87e657a17faaaa66786bde,2026-01-18 03:46:35 -0500,Work on bead: gongdb-l91 - Phase 14: Integration - Error Handling [COMPLETED],11878
fb2f1e846557a78444be7c0c00ba5c40747eaf2c,2026-01-18 03:49:19 -0500,Work on bead: gongdb-m2r - Phase 14: Integration - Replace rusqlite with gongdb [COMPLETED],11779
2dbdf151c749b24844928bf69fb06d445883f572,2026-01-18 03:50:51 -0500,Work on bead: gongdb-0rw - Phase 15: Testing - Pass All 408 SQLite Tests [COMPLETED],11779
23c062a80e4e20b63e272082ee7f913b98ac16ad,2026-01-18 03:51:45 -0500,Work on bead: gongdb-3ve - Phase 15: Testing - Pass Random Test Suites [COMPLETED],11779
3fd4f1f48ec544e295f29fd010963af86ce1d8bc,2026-01-18 03:53:14 -0500,Work on bead: gongdb-7e2 - Phase 15: Testing - Pass Evidence Tests [COMPLETED],11779
2457fdccee8316d5d4ade79c9f994f55d13b5c8a,2026-01-18 03:54:35 -0500,Work on bead: gongdb-bqw - Phase 15: Testing - Pass select2-5.test [COMPLETED],11779
9f89cf867dd4f32468407b04914daad93b59fe6a,2026-01-18 03:55:18 -0500,Work on bead: gongdb-bxp - Phase 15: Testing - Pass select1.test [COMPLETED],11779
a14c1e742921c7b741af56460f659037b02a282d,2026-01-18 04:05:37 -0500,Work on bead: gongdb-tip - Phase 15: Final Integration Testing - Pass All 408 SQLite Tests [IN PROGRESS],11775
9e3c8fb6c092a6ce4d549355830237c13096b896,2026-01-18 07:47:44 -0500,Stopped cuz going to airport,11805
213573616ce6c38f561a19d8b273b89a0497e1f2,2026-01-18 15:37:00 -0800,Update docs to tell model to output all test text,11805
8641bbdf8776c213658600e98c45b5e0752c1aac,2026-01-18 16:22:08 -0800,Work on bead: gongdb-tip - Phase 15: Final Integration Testing - Pass All 408 SQLite Tests [IN PROGRESS],11805
4c483d0fbcea73f87c272110749cdf1f2ceeae50,2026-01-18 16:51:34 -0800,Work on bead: gongdb-tip - Phase 15: Final Integration Testing - Pass All 408 SQLite Tests [IN PROGRESS],11909
1e5aaba9ce07c0732e9314b707b39550a4217599,2026-01-18 17:44:58 -0800,Work on bead: gongdb-tip - Phase 15: Final Integration Testing - Pass All 408 SQLite Tests [IN PROGRESS],12015
ae77997652ec3f1f052a71baba03f253a48796fa,2026-01-18 20:01:29 -0800,Work on bead: gongdb-tip - Phase 15: Final Integration Testing - Pass All 408 SQLite Tests [COMPLETED],12343
5d456afcb06ad1e9a88f220d05bcdb6a8d033695,2026-01-18 20:10:25 -0800,Work on bead: gongdb-8og - Phase 16: Performance - Storage Engine Optimization [IN PROGRESS],12584
fb72e6819e3b157c30de59a24660c6d660dc91e9,2026-01-18 20:14:39 -0800,Work on bead: gongdb-8og - Phase 16: Performance - Storage Engine Optimization [COMPLETED],12603
99de6403b097babaa1256e91b52c3ef803b1bce4,2026-01-18 20:25:32 -0800,Work on bead: gongdb-lpp - Phase 16: Performance - Query Optimization [IN PROGRESS],12648
f700ad862de804ab91543405c99b31e342554fb0,2026-01-18 20:30:33 -0800,Work on bead: gongdb-lpp - Phase 16: Performance - Query Optimization [IN PROGRESS],12651
82798497b5fff95715bfde7ab4f8981a057bb622,2026-01-18 20:33:59 -0800,Work on bead: gongdb-lpp - Phase 16: Performance - Query Optimization [IN PROGRESS],12801
6c601d0bfaeef56ce661cda34e5f08695de901ad,2026-01-18 20:41:24 -0800,Work on bead: gongdb-lpp - Phase 16: Performance - Query Optimization [IN PROGRESS],12867
937a23ff17cf152fad935d010a2dd2609bd430fa,2026-01-18 20:52:19 -0800,Work on bead: gongdb-lpp - Phase 16: Performance - Query Optimization [IN PROGRESS],12959
7a8ec5eef3e0d4b6ca8672d67272e37711554ef2,2026-01-18 20:58:05 -0800,Work on bead: gongdb-lpp - Phase 16: Performance - Query Optimization [IN PROGRESS],12964
ebd4907de58fabc560c2b90cee3096a6a630e92e,2026-01-18 21:04:29 -0800,Work on bead: gongdb-lpp - Phase 16: Performance - Query Optimization [IN PROGRESS],13042
2f326815c3a425406870a7f7e9f780b0afc26018,2026-01-18 21:08:40 -0800,Work on bead: gongdb-lpp - Phase 16: Performance - Query Optimization [IN PROGRESS],13091
9d1b66e407d9c59267d0ee03ce746de02ec1575f,2026-01-18 21:12:42 -0800,Work on bead: gongdb-lpp - Phase 16: Performance - Query Optimization [IN PROGRESS],13109
962235f2720d0483bfe0bcc0539d801cfa770a92,2026-01-18 21:19:46 -0800,Work on bead: gongdb-lpp - Phase 16: Performance - Query Optimization [IN PROGRESS],13169
7f34be39073c527a4213fc6dd85ef7b55d529f56,2026-01-18 21:22:13 -0800,Work on bead: gongdb-lpp - Phase 16: Performance - Query Optimization [IN PROGRESS],13178
bd9dcc6a8a0d3120d69b5de17d87adfb545321ce,2026-01-18 21:31:04 -0800,Work on bead: gongdb-lpp - Phase 16: Performance - Query Optimization [IN PROGRESS],13240
b703f95769c4781f80cd096e3bfb5b66412ff10f,2026-01-18 21:33:18 -0800,Work on bead: gongdb-lpp - Phase 16: Performance - Query Optimization [IN PROGRESS],13253
e21016c85f50ae1ea3d5febe5ff8decacafc7fee,2026-01-18 21:51:53 -0800,Work on bead: gongdb-lpp - Phase 16: Performance - Query Optimization [COMPLETED],13256
b4990a69eec28c166506f821783bc5ef0d0c34e9,2026-01-18 23:06:42 -0800,Work on bead: gongdb-ot8 - Run full sqllogictest to completion for Phase 16 [COMPLETED],13256
360b0052fe0563cf0ebb92b8dac7d33f80572888,2026-01-18 23:09:58 -0800,Work on bead: gongdb-6rv - Phase 17: Documentation - Architecture Documentation [COMPLETED],13256
072c2df0f02958d8c85052d5cd970a735aab83d8,2026-01-18 23:16:18 -0800,Work on bead: gongdb-at2 - Phase 17: Documentation - API Documentation [COMPLETED],13692
186020420a5d828940a9c4627afde3ec01baf495,2026-01-18 23:55:10 -0800,Work on bead: gongdb-2wu - Recursive CTEs with UNION [COMPLETED],13800
8accefcf207cf4b0500dda561532fd8f32912521,2026-01-19 10:11:23 -0800,Add performance tests,13800
305c2d3b10a455eb605c165fce33210de0313174,2026-01-19 10:26:49 -0800,Work on bead: gongdb-3ti - Optimize COUNT(*) queries (critical: 1318x slower) [IN PROGRESS],13894
58980589103a84389de4f3f67282ed02938cf830,2026-01-19 10:27:54 -0800,Work on bead: gongdb-3ti - Optimize COUNT(*) queries (critical: 1318x slower) [IN PROGRESS],13894
7e0eeaa6944388b219a40157eb9fa4787687c095,2026-01-19 10:28:28 -0800,Work on bead: gongdb-3ti - Optimize COUNT(*) queries (critical: 1318x slower) [IN PROGRESS],13894
a6bd7ae95fc6f2a11d7f2722bb9d6a01b88daca8,2026-01-19 10:29:18 -0800,Work on bead: gongdb-3ti - Optimize COUNT(*) queries (critical: 1318x slower) [IN PROGRESS],13894
3dcc324cca779ac0d91be02bce3db798086daafb,2026-01-19 10:30:01 -0800,Work on bead: gongdb-3ti - Optimize COUNT(*) queries (critical: 1318x slower) [IN PROGRESS],13894
32741f8984ab71e4a9760e415c513651ffb4bd8d,2026-01-19 10:30:49 -0800,Work on bead: gongdb-3ti - Optimize COUNT(*) queries (critical: 1318x slower) [IN PROGRESS],13894
cc424b0d0f40d7593b4680a38cbfd130f3356824,2026-01-19 10:31:41 -0800,Work on bead: gongdb-3ti - Optimize COUNT(*) queries (critical: 1318x slower) [IN PROGRESS],13894
633d9eb81a4aa9e6014ad55f6057fd9d397e1869,2026-01-19 10:59:45 -0800,Work on bead: gongdb-4jc - Optimize bulk INSERT operations (low: 6.65x slower) [COMPLETED],13922
d8cf478b792ec84efb30e629468a5cdae2af4e33,2026-01-19 11:07:09 -0800,Work on bead: gongdb-qew - Optimize WHERE clause filtering (high: 18x slower) [COMPLETED],14149
9adaae04e6a33db7ee3f19d6e67a078b7b5a8bd3,2026-01-19 11:13:41 -0800,Work on bead: gongdb-s3c - Optimize COUNT(*) queries (critical: 1318x slower) [COMPLETED],14161
e43370ad91630198832e322eed0e2cf499ff3495,2026-01-19 11:16:50 -0800,Work on bead: gongdb-uwo - Optimize SUM aggregation (medium: 12x slower) [COMPLETED],14201
6999456e69fa14f2e662465cf23966574173e4b5,2026-01-19 11:21:20 -0800,Work on bead: gongdb-z81 - Optimize GROUP BY operations (high: 20x slower) [COMPLETED],14186
adb4c26169b67842fb9bcbaeabd092bac7b8919e,2026-01-19 11:47:13 -0800,Work on bead: gongdb-zxa - Improve index usage for WHERE clauses (high: 25x slower) [COMPLETED],14410
f317b2ed75a6b200593e2890e953cb114f093213,2026-01-19 11:56:55 -0800,Work on bead: gongdb-ev4 - Optimize ORDER BY operations (medium: 14x slower) [COMPLETED],14424
0efed81414a561ce51790fb03894d313bbd5d38e,2026-01-19 12:06:56 -0800,Work on bead: gongdb-lnk - Optimize UPDATE operations (high: 111x slower) [COMPLETED],14612
137753522e733cd92086933270993d92b3e11a00,2026-01-19 13:41:30 -0800,Work on bead: gongdb-q51 - Optimize DELETE operations (high: 62x slower) [COMPLETED],14737
86a2067160141d585454a42e053a4aa2e4f2df6a,2026-01-19 13:47:17 -0800,Work on bead: gongdb-zhn - Optimize JOIN operations (critical: 63344x slower) [IN PROGRESS],14880
d0b544310497b594e149f52fef719ec032d80f81,2026-01-19 13:50:29 -0800,Work on bead: gongdb-zhn - Optimize JOIN operations (critical: 63344x slower) [COMPLETED],14880
ca88df07106dbe65544e7c48d251a33e5bde5c18,2026-01-19 14:20:04 -0800,Work on bead: gongdb-7jz - Investigate select4.test set operation mismatch [IN PROGRESS],14872
300dcf7bdfa2bb96c2cf2a190abb84e876ef4e75,2026-01-19 14:44:53 -0800,Work on bead: gongdb-7jz - Investigate select4.test set operation mismatch [IN PROGRESS],14883
64f866ad6048677eac0fdb547e82e522ac921e9c,2026-01-19 15:18:25 -0800,Work on bead: gongdb-7jz - Investigate select4.test set operation mismatch [IN PROGRESS],14883
6a0ce6398e3c01a3541dcd1eb29f0834e73b5037,2026-01-19 15:40:34 -0800,Work on bead: gongdb-7jz - Investigate select4.test set operation mismatch [COMPLETED],14881
9e876e0ebb255b374e60ebe0a7add3dfd2ea543f,2026-01-19 15:59:35 -0800,Work on bead: gongdb-3gr - Re-enable SELECT predicate planning safely [COMPLETED],14884
